치즈김치전,밀가루,달걀,물,김치,
스테이크,슬라이스치즈,건자두,참기름,다진 마늘,소불고기,바질,후추,설탕,진간장,
감자,모짜렐라치즈,감자,방울토마토,
감자,감자,소금,후추,모짜렐라치즈,파슬리가루,감자,식용유,감자전분,파마산가루,파슬리가루,방울토마토,
파닭,대파,소금,레몬즙,닭다리살,홍고추1개,청고추,식초,후추,설탕,튀김용기름,전분,진간장,청주,
쌈,라이스페이퍼,기름,칠리소스,잡채,연겨자소스,
순대꼬치,통깨,마트순대,케찹,간장,올리고당,튀김가루,
옥수수치즈전,부침가루,치즈,식용유,옥수수,
파닭,대파,레몬청,다진마늘,식초,간장,물,설탕,치킨너겟,
옥수수치즈전,통조림 스위트콘,모짜렐라치즈,파슬리가루,부침가루,물,
치즈김치전,대파,모짜렐라치즈,표고버섯,청량고추,부침가루,양파,김치,
브런치,브로콜리,어린잎 채소,소금,슬라이스치즈,샐러드 소스,식용유,버터,달걀,에멍딸치즈,브런치 부어스트 소시지,
파닭,밀가루,올리브오일,겨자 원하는,발사믹식초,후추,파채,설탕,얼음,식초,닭고기,간장,카레가루 원하는,타피오카가루,우유 닭이,소금,다진마늘,
감자,치즈,발효버터,찐감자,
옥수수치즈전,다진당근,파슬리가루,슈레드 모짜렐라치즈,체다치즈,연유,부침가루,다진양파,물,통조림 옥수수,
감자,마요네즈,케찹,모짜렐라치즈,달걀,감자 큰사이즈로,
병아리콩치즈,스파게티소스,파슬리,흙애서 병아리콩,피자치즈,
치즈김치전,차가운물,김치국물,부침가루,배추김치,튀김가루,
치즈볼,슬라이스치즈,
치즈볼,밀가루,후추 톡톡톡,라면스프,삶은감자,맥주,스트링치즈,계란,빵가루,소금,
가지오븐구이,반건조 가지,토판염  취향껏,레몬,바질오일 ,적양파,페코리노 치즈  취향껏,
치즈김치전,당근,모짜렐라치즈,부침가루,애호박,양파,잘익은김치,
홍시요거트,레몬즙,홍시 큰것,플레인 요거트,설탕,
식혜,물,생강,엿기름,물,설탕,불린쌀,
모과차,모과,설탕,
귤쥬스,생수,생강,껍질을 깐 귤,꿀,
커피,얼음,딸기,인스턴트커피,물,설탕,
고구마라떼,고구마,녹차가루,우유,잣가루,꿀,
쥬스,꿀,우유,토마토쥬스,물,망고,각한천,
양파물,생수,양파,
레몬에이드,탄산수,얼음,레몬,물,설탕,꿀,
포도화채,레몬즙,알로에주스나 사이다,포도,
복숭아스무디,얼음,우유,플레인 요거트,꿀,복숭아,
바나나주스,바나나,시나몬가루,저지방 우유,꿀,
대추생강차,물 3리터,대추,꿀 취향껏,생강,
꿀생강차,꿀 500g,생강,
키위요거트파르페,바닐라아이스크림,휘핑크림,웨하스,플레인요거트,시리얼,키위,메이플시럽,
배수정과,계피,통후추,흑설탕,배,생강,물,설탕,잣,
귤차,귤껍질,물,꿀,
바나나두유,땅콩분태,바나나,두유,
에이드,설탕,탄산수,물,얼린 각 요구르트,꿀,스위티,
식혜,엿기름,물,설탕,잣,
단호박식혜,단호박,흰밥,엿질금,설탕,
에이드,얼음,탄산음료,스위티,
딸기슬러시,우유,얼린 딸기,플레인 요구르트,꿀,
딸기슬러시,딸기 작은 것,꿀,설탕시럽,물,설탕,오렌지주스,
칡차,물,칡,
밀크티,우유,물,설탕,홍차,
우유셔벗,우유,키위,토마토,
레몬에이드,사이다,레몬,설탕,
키위주스,시럽,생수,그린키위,
바나나우유,바나나,우유,
수박화채,수박,탄산수,천도복숭아,오렌지 쥬스,꿀,방울토마토,
토마토슬러시,토마토,올리고당,
석류펀치,홍초석류,홍초블루베리,강서청산수,
포도주스,포도즙,포도,
포도쥬스,각얼음,올리고당,포도,
카페모카,초코소스,초코소스,생크림,우유,에스프레소,
복숭아쥬스,올리고당,생수약간,요구르트,각얼음,복숭아,
요거트,플레인 요거트,
수박쥬스,수박,얼음,쿠키틀,빨대,설탕,
인삼쉐이크,수삼,우유,각얼음,설탕시럽,물,황설탕,
레몬에이드,탄산수,얼음,레몬,설탕시럽,
호두우유,우유,꿀,호두,
토마토쥬스,우유,각얼음,토마토,올리고당,
두유,땅콩,호두,볶은깨,잣,소금,흰콩,
블루베리우유,블루베리,우유,꿀,
카페모카,생크림,생크림,위에 얹을 초콜릿시럽,에스프레소,초콜릿소스,다크초콜릿,설탕,스팀우유,
요거트주스,인삼,떠먹는요거트,귤,우유,사과,딸기,
배숙,배,건대추,꿀,
식혜,생강,엿기름,물,설탕,쌀,
대추차,대추,배,물,
모과차,모과,흰설탕,
카푸치노,거품 낸 우유,에스프레소 1샷,
파르페,딸기맛 요플레,시리얼,과일류,
대추생강차,통계피 작은거,대추,흑설탕,생강,물,
탕,뜨거운물,꿀,잣,호두,
인삼라떼,인삼,계피가루,우유,꿀,
모과차,모과,설탕,꿀,
쉐이크,둥근마,우유,꿀,
호박고구마스무디,호박고구마 찐 것,아침햇살,
딸기스무디,꿀,생딸기,
대추차,계피,대추,배,생강,설탕,
홍시스무디,아이스홍시,플레인요거트,꿀,
과일파르페,감귤,바나나,사과,아이스크림,매실액기스,카위,플레인요구르트,꿀,
라씨,우유,매실액기스,통아몬드,떠먹는 요구르트,올리고당,
식혜,엿기름 가루,설탕,쌀,
밀크티,홍차잎,우유,물,설탕,
후르츠파르페,과일푸딩,체리,파인애플,생크림,바나나,딸기,키위,
레몬에이드,물,레몬,설탕시럽,물,설탕,꿀,소금,
바나나쉐이크,바나나,우유,바닐라에센스,
홍시라떼,우유,홍시,꿀,
구기자차,계피,물,구기자,황기50g,물,마늘,
라떼,시럽,커피,두유,
고구마라떼,소금,우유,삶은 고구마,설탕,계핏가루,
바나나우유,바나나,우유,
사과차,꿀이나올리고당,사과,설탕,
홍삼수정과,곶감,정성원 홍삼액기스,생강,통계피,황설탕,잣,호두,
베리베리아포가토,스페어민트잎,블루베리시럽,딸기,에스프레소,바닐라 아이스크림,
브로콜리두부쉐이크,브로콜리,두부,두유,아몬드,
블루베리쥬스,아이스 블루베리,물,꿀,
블루베리스무디,우유,헤일리즈하비스트 아이스블루베리,비요뜨 베리믹스,
딸기화채,소금,딸기,끓는물,설탕,꿀,찹쌀가루,
수정과,곶감,생강차,통계피,물,설탕,잣,
레몬차,레몬,물,설탕,꿀,
딸기요거트